trading_dt,gold_last_month,plat_last_month,mkt_rf,mkt_rf_3,mkt_rf_12,vix
1969-02-28,42.291,237.5,-0.058561630892515426,-0.005731243480690799,-0.01972839598101972,NA
1969-03-31,42.616,234.5,0.026879368227279876,0.013554817705166386,-0.010526437523602161,NA
1969-04-30,43.171,226.5,0.014488532223163153,-0.019566709231004047,-0.013642809624600257,NA
1969-05-31,43.295,210,-7.034473349438741e-4,-0.04777057295711155,-0.02400846471391918,NA
1969-06-30,43.461,181,-0.07248521258123142,-0.03181218030284283,-0.02972881281498051,NA
1969-07-31,41.442,180,-0.07012305895515936,-0.017417194645441298,-0.028524224745948335,NA
1969-08-31,41.755,158.5,0.047171730627862285,0.02289144748110287,-0.01692356263239983,NA
1969-09-30,41.128,157,-0.029300255609026826,-0.00548038435697451,-0.017099646884275815,NA
1969-10-31,40.865,161,0.05080286742447315,-0.004541527723255186,-0.011143094192825184,NA
1969-11-30,40.476,162.5,-0.03794376488636986,-0.0483032149673794,-0.017264900921827957,NA
1969-12-31,37.452,175.4,-0.026483685707868854,-0.01836800313975769,-0.010248827723054632,NA
1970-01-31,35.189,181,-0.08048219430789949,-0.013045806898700496,-0.003256487800785144,NA
1970-02-28,34.946,166.8,0.051861870596495274,-0.022851518412288645,0.007485295933569234,NA
1970-03-31,34.994,167,-0.010517096984697272,-0.06325468346034702,0.004336066828585071,NA
1970-04-30,35.089,172.5,-0.10989932884866394,-0.07909236971639637,0.008679748889869119,NA
1970-05-31,35.623,180.2,-0.06934762454767984,-0.019430964631034147,0.020465096894877337,NA
1970-06-30,35.958,159,-0.058030155752845314,0.018704483419975954,0.022905133949043015,NA
1970-07-31,35.437,143.5,0.06908488640742272,0.05210732756705131,0.027734256730761464,NA
1970-08-31,35.329,147.5,0.04505871960535046,0.021526094323390366,0.018200115291888447,NA
1970-09-30,35.377,140.5,0.04217837668838076,0.021922892287910223,0.017367501799071344,NA
1970-10-31,36.196,140.5,-0.022658813323560123,0.02700489784490497,0.013148259154319164,NA
1970-11-30,37.553,125.6,0.04624911349891003,0.05069757245420936,0.011360762213399414,NA
1970-12-31,37.455,114.7,0.057424393359365,0.03997157506680112,0.007118491257013397,NA
1971-01-31,37.434,113.9,0.04841921050435305,0.03469913986391656,0.009601630708959233,NA
1971-02-28,37.868,122.9,0.01407112133668531,0.029067685432943764,0.007642006785943067,NA
1971-03-31,38.716,98.5,0.041607087750711313,0.011021585021484759,0.008872848188632765,NA
1971-04-30,38.873,108,0.03152484721143467,-0.002874338352826985,0.005926026675428538,NA
1971-05-31,39.001,109,-0.04006717989769171,-0.028490891042989703,0.003516577495625487,NA
1971-06-30,40.493,101.5,-8.068237222391694e-5,-0.003446045179910725,0.007906259988079497,NA
1971-07-31,40.105,112.7,-0.04532481085905349,-0.006236662738717887,0.005892360340712934,NA
1971-08-31,40.929,113.4,0.03506735769154523,-0.005831317990565761,0.009004256641915898,NA
1971-09-30,42.722,116.7,-0.008452535048645404,-0.019073149880321567,0.008818038205274955,NA
1971-10-31,41.976,112,-0.04410877661459711,0.012818384063465249,0.00859620316684842,NA
1971-11-30,42.473,113.5,-0.004658137977722188,0.03582255074438397,0.012690516304237,NA
1971-12-31,42.842,102.1,0.08722206678271505,0.04698900279327859,0.016874193806055027,NA
1972-01-31,43.455,111,0.024903723428159052,0.019996723729793775,0.010181377337942249,NA
1972-02-29,45.64,105.1,0.02884121816896168,0.012565968271673444,0.005373971002464145,NA
1972-03-31,48.237,101.9,0.006245229592260593,0.007155232219271686,-0.0010563795650152437,NA
1972-04-30,48.288,99,0.002611457053798061,-0.003009003691689401,-0.0026778370094560724,NA
1972-05-31,49.026,104.8,0.012609010011756405,-0.006540174457828063,-0.007628065015591434,NA
1972-06-30,54.5,100.1,-0.02424747814062267,2.0106768887110751e-4,-0.0111492456808997,NA
1972-07-31,62.17,117.8,-0.007982055244617925,0.004578708565824059,-0.01041597208376708,NA
1972-08-31,65.558,153.2,0.03283273645185392,0.008913720658718649,-0.005564841960665257,NA
1972-09-30,66.917,147,-0.011114555509763813,0.013151472522798727,-0.0114796389898289,NA
1972-10-31,65.589,153.5,0.005022981034065843,0.019159080747840562,-0.006580565340450095,NA
1972-11-30,64.824,136.3,0.04554599204409415,0.00655636953729255,-0.007886945810332363,NA
1972-12-31,62.726,131.2,0.006908269165361691,-0.024733290691002496,-0.022337889655966513,NA
1973-01-31,63.779,142.7,-0.03278515259757819,-0.03144013365979951,-0.022388839993019133,NA
1973-02-28,65.127,144.3,-0.04832298864079099,-0.03944217580054887,-0.0197900065989453,NA
1973-03-31,73.971,137.5,-0.013212259741029353,-0.03321623224426614,-0.016132707868856944,NA
1973-04-30,84.105,173.5,-0.05679127901982628,-0.03396154398893344,-0.017398384480386147,NA
1973-05-31,90.441,144,-0.02964515797194278,0.0017127177618766476,-0.01708112003383323,NA
1973-06-30,101.623,140,-0.015448194975031249,-0.0011205055468456921,-0.018486427002886562,NA
1973-07-31,119.8,157.5,0.05023150623260397,0.019920335539092004,-0.019569916704235885,NA
1973-08-31,120.364,161,-0.0381448278981098,-3.7469473994977687e-4,-0.030487858699842774,NA
1973-09-30,106.225,179,0.04767432828278184,-0.030281530141751722,-0.03510735201297014,NA
1973-10-31,103.034,166.5,-0.010653584604521371,-0.04407401786243559,-0.048911279408960416,NA
1973-11-30,99.923,172.5,-0.12786533410351564,-0.0410558736171592,-0.034558179864647015,NA
1973-12-31,94.645,164,0.006296865120730244,8.743645743577073e-5,-0.027672533543156148,NA
1974-01-31,106.236,161.5,-0.0015991518686921946,-0.011478311609267563,-0.031064406784046,NA
1974-02-28,129.027,169.5,-0.004435403879730737,-0.028606629540100587,-0.01978117810004613,NA
1974-03-31,150,195,-0.028400379079379756,-0.0426311087803846,-0.014764484639099332,NA
1974-04-30,168.298,263.5,-0.05298410566119127,-0.04264767288433239,-0.010193725844398436,NA
1974-05-31,172.243,238.5,-0.04650884160058277,-0.051914236902161535,-0.0022533424066511765,NA
1974-06-30,163.568,231,-0.02845007139122313,-0.06760420558718001,0.005948921520544261,NA
1974-07-31,154.013,202.5,-0.0807837977146787,-0.09744511527980611,0.012344627965982458,NA
1974-08-31,142.283,195.5,-0.09357874765563823,-0.016655979399166743,0.013586046565914195,NA
1974-09-30,154.362,206.5,-0.11797280046910141,-5.422562624957475e-4,0.019019533488027412,NA
1974-10-31,151.66,176,0.1615836099272394,0.027313472637222058,0.025295577501522632,NA
1974-11-30,158.533,197.5,-0.04523757824562524,0.018052133441244345,0.016254835456654255,NA
1974-12-31,181.483,191.5,-0.034405613769947996,0.051719632073663035,0.022247935126805018,NA
1975-01-31,183.683,178,0.13379959233930627,0.0720044121493227,0.023754554801984518,NA
1975-02-28,176.864,167,0.05576491765163083,0.04150471323347923,0.02276604642240933,NA
1975-03-31,179.553,150.5,0.026448726457031002,0.04022251585818978,0.018406026198813947,NA
1975-04-30,178.203,155.5,0.042300495591775844,0.04750574235719118,0.018137272185838105,NA
1975-05-31,170.066,155.5,0.051918325525762477,0.011443318988099952,0.013368415743693962,NA
1975-06-30,167.293,145.5,0.04829840595403523,-0.01532175771724742,0.007894026458895836,NA
1975-07-31,164.25,149,-0.06588677451549785,-0.04564131713764541,0.007240023963206527,NA
1975-08-31,164.867,157.7,-0.02837690459027964,-0.005980823836206499,0.01183094420917058,NA
1975-09-30,163.168,172.5,-0.04266027230715874,0.012371350292614677,0.013726788417903554,NA
1975-10-31,144.311,154,0.053094705388818886,0.021149381839069597,0.019002127555509174,NA
1975-11-30,142.691,156.7,0.026679617796183885,0.04409697730426465,0.012549941786786478,NA
1975-12-31,142.565,144.6,-0.016326177667793984,0.03635199636169876,0.010646361482741229,NA
1976-01-31,139.279,143.5,0.12193749178440405,0.04953528168473705,0.01673983078356466,NA
1976-02-29,131.695,149.4,0.0034446749684862166,0.003914190518617744,0.00322944086155987,NA
1976-03-31,130.94,139.9,0.023223678301320883,-0.0018254831014826722,0.001332727564268027,NA
1976-04-30,132.676,138,-0.014925781713953867,0.0039167494666648706,-0.0017388376215926038,NA
1976-05-31,127.91,140.3,-0.013774345891815032,0.005293432850006423,-3.7188772256567065e-4,NA
1976-06-30,126.913,156.4,0.04045037600576351,0.008009290118783449,-4.402300991210861e-4,NA
1976-07-31,125.684,164.1,-0.010795731563929212,0.0014070972315651797,1.3285856164731621e-4,NA
1976-08-31,117.866,183,-0.005626774085483954,-0.003104833525742904,-3.9805772196208067e-4,NA
1976-09-30,110.055,159.5,0.020643797344108705,4.96425519653787e-5,-0.0014065184326087776,NA
1976-10-31,114.098,158.2,-0.024331523835853464,0.012100194751291538,-0.0033683040867901657,NA
1976-11-30,116.095,165.9,0.0038366541476408944,0.006814973603358217,-0.004995901725942535,NA
1976-12-31,130.341,156.6,0.05679545394208718,-9.025393121940469e-4,-0.0019889429337270337,NA
1977-01-31,133.674,156.5,-0.040187187279653425,-0.024379391935892003,-0.006510614011063343,NA
1977-02-28,132.306,152.6,-0.019315884599015898,-0.010491123817884418,-0.008197358403832233,NA
1977-03-31,136.163,160,-0.013635103929006687,-0.008917313755039125,-0.00776433187438282,NA
1977-04-30,148.339,165.4,0.0014776170743693307,0.011403534199624551,-0.004262390426432182,NA
1977-05-31,149.184,165.9,-0.014594454410480018,0.005188752852420782,0.0021862266875171585,NA
1977-06-30,146.536,159.4,0.04732743993498434,0.004144136784832682,0.004837752442806727,NA
1977-07-31,140.828,155,-0.017166726967241974,-0.012597553362184747,-5.28062896733896e-4,NA
1977-08-31,143.383,150.8,-0.017728302613244318,-0.02149620954166472,0.005166777355222353,NA
1977-09-30,145.009,149.9,-0.0028976305060679497,-0.0022800554525076455,0.009806857836163382,NA
1977-10-31,149.334,147.8,-0.04386269550568189,-4.690449458011707e-4,0.008828305248726584,NA
1977-11-30,158.848,157.8,0.039920159654226905,-0.005990853108200578,0.0025558474890626237,NA
1977-12-31,162.132,173.2,0.002535401014051475,-0.024004095074817194,0.0014645716507507567,NA
1978-01-31,160.48,173.1,-0.060428119992880114,-0.015386497597367358,0.001978471746423053,NA
1978-02-28,173.207,195.8,-0.014119566245622939,0.031043216547513148,0.010512706028222213,NA
1978-03-31,178.36,220.6,0.028388193446400978,0.04149102351371906,0.00869926974636212,NA
1978-04-30,183.771,229.3,0.07886102244176141,0.026340844318417694,0.011068958869518872,NA
1978-05-31,175.323,224.9,0.017223854652994808,0.017110955523241562,0.004448043112768335,NA
1978-06-30,176.19,210.7,-0.01706234413950314,0.024020558358259298,0.0011806300951715625,NA
1978-07-31,183.761,251.7,0.05117135605623302,0.024827919219657175,0.005780526522320324,NA
1978-08-31,188.569,244.1,0.03795266315804802,-0.03193992900630364,0.002178801896462116,NA
1978-09-30,206.455,265.6,-0.014640261555309508,-0.03564920019415815,0.0036273629397955607,NA
1978-10-31,212.212,262.7,-0.11913218862164943,-0.0278683789550153,0.004148430470996611,NA
1978-11-30,227.432,290,0.0268248495944845,0.02583658104843778,0.00732154198418412,NA
1978-12-31,207.082,370.6,0.008702202162119033,0.004934697307628262,0.009468169572153176,NA
1979-01-31,207.895,326.5,0.0419826913887098,0.02097545089501592,0.010260242215379864,NA
1979-02-28,226.986,349.5,-0.03588080162794405,0.0067845648856976375,0.011376883113989609,NA
1979-03-31,245.59,386.6,0.056824462924282004,0.011416464908956833,0.01334217661616835,NA
1979-04-30,242.348,412.8,-5.899666392450431e-4,0.0051871149296235,-0.0021582646762324706,NA
1979-05-31,239.174,386.8,-0.021985101558166464,0.008033990658016688,0.0012248477438978889,NA
1979-06-30,257.738,402.4,0.03813641298628201,0.03380748973675529,0.007438032191407401,NA
1979-07-31,279.36,437.4,0.007950660545934518,0.018299535014362323,0.006798405927472134,NA
1979-08-31,295.009,418.5,0.05533539567804935,-0.011368968655415626,0.011522557239587275,NA
1979-09-30,300.793,388.6,-0.008387451180896899,-0.012285973664727686,0.008415999009275171,NA
1979-10-31,354.498,429.5,-0.08105485046339933,-0.0034211319774822835,0.010938687093613971,NA
1979-11-30,390.959,584.3,0.05258438065011317,0.04205794556765974,0.0185534096601231,NA
1979-12-31,391.518,466.5,0.01820707388083931,0.02043072548368896,0.02218382549016983,NA
1980-01-31,463.666,559.8,0.055382382172026734,-0.028698576671433423,0.01694273858969672,NA
1980-02-29,674.58,722.6,-0.01229727960179916,-0.033823576594669245,0.008122125359503823,NA
1980-03-31,665.893,852,-0.12918083258452784,-0.012200112790086962,0.009655564829259666,NA
1980-04-30,554.276,960.1,0.04000738240231927,0.04101379734444192,0.02342655428341739,NA
1980-05-31,516.71,555,0.05257311181194768,0.04922482864077423,0.018293009657213588,NA
1980-06-30,514.268,546.2,0.030460897819058808,0.03771935700822637,0.014004907216608742,NA
1980-07-31,600.786,622.6,0.0646404762913162,0.03486065967892967,0.009433137662414928,NA
1980-08-31,645.75,718.2,0.018056696914304116,0.016754441026727667,0.002749433992767956,NA
1980-09-30,626.36,643.2,0.021884805831168697,0.04278533225885095,-0.004648066236426977,NA
1980-10-31,673.941,668.2,0.010321820334710186,0.020595074006848717,-0.01245367738465337,NA
1980-11-30,662.27,719.9,0.09614937061067397,3.328083651826426e-4,-0.009224388493723229,NA
1980-12-31,623.875,677.3,-0.044685968924838004,-0.029682317159951694,-0.0144213496792961,NA
1981-01-31,596.712,641.7,-0.050464976590288035,-0.002763313896550749,-0.0137234082613125,NA
1981-02-28,557.813,612.1,0.006103994035270954,0.006859960596169816,-0.012255543587984983,NA
1981-03-31,500.8,456.7,0.036071040865364834,0.005197256759309339,-0.01765489681829835,NA
1981-04-30,499.693,441.7,-0.021595153112126342,-0.014959869139567927,-0.0221479608504135,NA
1981-05-31,496.625,520.5,0.0011158825246895265,-0.0129494740170083,-0.017685165457615948,NA
1981-06-30,480.316,479.9,-0.024400336831266967,-0.0368925368039165,-0.021062490524770067,NA
1981-07-31,460.5,460.7,-0.01556396774444746,-0.05268660050934352,-0.02162385442506945,NA
1981-08-31,409.284,417.1,-0.07071330583603508,-0.031140848919237074,-0.022952537406633333,NA
1981-09-30,410.24,388.7,-0.07178252794754802,0.003692198487374454,-0.0077204920387854885,NA
1981-10-31,443.773,435.3,0.04907328702587188,0.015516150500212192,-6.708886121236842e-4,NA
1981-11-30,437.68,421.2,0.033785836383799506,-0.011791812011864375,0.004628618181391135,NA
1981-12-31,413.405,415.7,-0.03631067190903481,-0.042616505715960686,0.005706161258852667,NA
1982-01-31,410.119,393.6,-0.03285060051035782,-0.036461524252954756,0.009231595573893053,NA
1982-02-28,384.163,387.5,-0.058688244728489436,-0.014858526882354043,0.014946680454236694,NA
1982-03-31,374.458,364.3,-0.017845727520017007,-0.008433118066577538,0.022002770069284038,NA
1982-04-30,330.413,345.5,0.031958391601444314,-0.012863443438191716,0.025874176990093655,NA
1982-05-31,350.335,320.2,-0.03941201828115992,-0.03401896181307784,0.028770076360234386,NA
1982-06-30,334.505,324.8,-0.03113670363485954,0.016475457140021816,0.032506992944432385,NA
1982-07-31,314.961,284.1,-0.03150816352321406,0.03112526274243954,0.03764428791984164,NA
1982-08-31,337.895,275.5,0.11207123857813905,0.0791837734328608,0.0368508015489534,NA
1982-09-30,363.413,296.6,0.01281271317239363,0.05739881167792708,0.027079653166748364,NA
1982-10-31,438.15,320,0.1126673685480497,0.05512608724427914,0.026769463742194455,NA
1982-11-30,422.786,297.7,0.0467163533133379,0.029480437079517863,0.014504009084235667,NA
1982-12-31,415.114,360.9,0.005994539871449822,0.022569929525764792,0.01243210242524446,NA
1983-01-31,444.776,371.8,0.03573041805376587,0.030108801411847647,0.010411827745770466,NA
1983-02-28,481.838,403.3,0.025984830652078683,0.04043505674163672,0.0057582569400723704,NA
1983-03-31,493.488,489.1,0.028611155529698395,0.03358377343401586,-4.211590793030869e-4,NA
1983-04-30,420.707,388.6,0.06670918404313309,0.034217000280800214,-0.0022777293939130008,NA
1983-05-31,433.171,413.2,0.005430980729216106,-0.0016960610582017848,-0.00826280753663631,NA
1983-06-30,437.393,439.2,0.03051083607005145,-0.005233901970714272,-0.013696096883594938,NA
1983-07-31,413.148,422.2,-0.04102999997387291,-0.012374033968149178,-0.014739324020574327,NA
1983-08-31,422.645,438.7,-0.005182542008321356,-0.010203396426010128,-0.013594215911215604,NA
1983-09-30,416.205,448.6,0.009090440077746731,-0.0011913912880885391,-0.004608179624648638,NA
1983-10-31,412.245,441.1,-0.03451808734745576,-0.010304456741416815,-0.0060367078796078055,NA
1983-11-30,394.245,393.4,0.021853473405443413,-0.005502571497135326,-0.003869898357680257,NA
1983-12-31,381.016,381.8,-0.0182487562822381,-0.028843116492425398,-0.007154449184622574,NA
1984-01-31,388.06,409.2,-0.020112431614611292,-0.020649427146886223,-0.00410496814474276,NA
1984-02-29,370.735,387.8,-0.048168161580426805,-0.015649201165198006,0.004225527409287777,NA
1984-03-31,386.038,394.4,0.006332311754379427,-0.019515977783151544,0.009251395852357161,NA
1984-04-30,394.743,404.6,-0.005111753669546637,-0.015629378225845092,0.008030636882347028,NA
1984-05-31,381.371,394.2,-0.05976849143428742,-0.02302169455651896,0.00765629783409318,NA
1984-06-30,376.957,395.3,0.01799211042629878,0.03111776706507093,0.01687903239238687,NA
1984-07-31,378.314,396.5,-0.027288702661568243,0.02243643059571691,0.016446921812254257,NA
1984-08-31,347.598,379,0.10264989343048225,0.028693873788131263,0.018102159280978303,NA
1984-09-30,347.677,345.2,-0.008051898981763284,-0.011376469527984287,0.00870254414115266,NA
1984-10-31,340.945,325.4,-0.00851637308432518,-0.0025774978019566333,0.005599275191468023,NA
1984-11-30,340.217,329.2,-0.017561136517864395,0.02687913157073681,0.009657646258960614,NA
1984-12-31,341.286,327.9,0.018345016196319675,0.03678026365549355,0.01652998965995468,NA
1985-01-31,319.622,317.5,0.07985351503375515,0.027892992961472924,0.018232264751672566,NA
1985-02-28,302.852,279.2,0.012142259736405814,-0.001926119465976391,0.012139915945114516,NA
1985-03-31,299.833,277.4,-0.00831679588574219,0.010994568376967292,0.017075317844275878,NA
1985-04-30,303.205,250.1,-0.009603822248592797,0.01803576149378383,0.021833866393665514,NA
1985-05-31,324.883,271.1,0.05090432326523686,0.01876175123102153,0.021541024373359603,NA
1985-06-30,316.395,272.2,0.012806783464707427,-0.0015881859398659086,0.021161941408374112,NA
1985-07-31,316.298,271.6,-0.007425853036879704,-0.020954155887428032,0.02095230351965092,NA
1985-08-31,317.202,251.2,-0.01014548824742545,-0.005084178299939494,0.016189313674883504,NA
1985-09-30,330.131,279.7,-0.04529112637797894,0.019933312547223785,0.02209078853854381,NA
1985-10-31,323.764,314.4,0.04018407972558591,0.047954460438861535,0.018716642337076678,NA
1985-11-30,326.093,312.9,0.06490698429406438,0.03680821031535242,0.019251749172858167,NA
1985-12-31,325.548,327.7,0.03877231729693431,0.03896157639277834,0.01482495739212313,NA
1986-01-31,321.985,351.2,0.00674532935505856,0.042299399529444726,0.008853625245405635,NA
1986-02-28,345.561,347,0.07136708252634216,0.03567831424700396,0.01867677574654984,NA
1986-03-31,339.053,356,0.048785786706933454,0.027341062633360225,0.0164116299123586,NA
1986-04-30,346.095,401,-0.013117926492263732,0.014509509997725453,0.013686341445915073,NA
1986-05-31,340.716,401.8,0.04635532768541095,-0.0026450915628828766,0.01303388500609611,NA
1986-06-30,342.325,406.3,0.010291128800029137,0.0021272025808128925,0.0092706935511405,NA
1986-07-31,342.798,422.6,-0.06458173117408872,-0.029896800617725,0.011652045633553895,NA
1986-08-31,348.554,424.8,0.06067221011649826,0.007165563691959161,0.02022537346572272,NA
1986-09-30,376.29,471.9,-0.08578088079558455,-0.009130012038458942,0.018091579853480578,NA
1986-10-31,418.152,651.3,0.04660536175496377,0.008502392072177364,0.02305922148888585,NA
1986-11-30,423.863,561.3,0.01178548292524395,0.034508316610119105,-2.0341132485885796e-4,NA
1986-12-31,396.983,575.7,-0.03288366846367563,0.045308266473720216,-0.007655551185112723,NA
1987-01-31,391.595,491.8,0.124623135368789,0.06163026433148248,7.574025148367006e-4,NA
1987-02-28,408.524,477.4,0.04418533251604728,0.013106751285189048,-0.006106511830787059,NA
1987-03-31,401.045,522,0.016082325109611162,-0.0012226828115121657,-0.005792357561700111,NA
1987-04-30,408.848,522.6,-0.0209474037700913,0.006372326748280736,-0.009004549516400886,NA
1987-05-31,439.665,565.6,0.0011970302259436405,0.026120862275623564,-0.006776332576928075,NA
1987-06-30,461.65,611.5,0.03886735378898987,0.037410747790173206,-0.007106615295926784,NA
1987-07-31,449.282,570.5,0.03829820281193719,0.015731902803602815,-0.006378001408308335,NA
1987-08-31,450.33,565.6,0.03506668676959257,-0.07454957547036715,-0.010608476590791274,NA
1987-09-30,460.988,634.6,-0.026169181170721312,-0.11211853619283214,-0.016294413487256937,NA
1987-10-31,460.12,599.9,-0.2325462320099727,-0.08070488382401923,-0.011352929998757255,NA
1987-11-30,465.764,575.1,-0.07764019539780243,0.0108959145864063,0.008993174716348695,NA
1987-12-31,468.14,530.4,0.06807177593571745,0.052761040967370665,0.01358058729943401,NA
1988-01-31,487.079,517.4,0.04225616322130388,0.022582456206532136,0.009150502113990136,NA
1988-02-29,477.758,502.5,0.04795518374509067,0.010427468300624984,0.01070701506919384,NA
1988-03-31,442.124,460.9,-0.02246397834679814,-0.006479713748418862,0.004844031427224264,NA
1988-04-30,443.491,474.7,0.005791199503582423,0.016878519180650937,0.008009616045114742,NA
1988-05-31,451.558,547.5,-0.0027663624020408673,0.010792286220170774,0.011116426162064411,NA
1988-06-30,451.32,518.5,0.04761072044041126,6.595550248525983e-4,0.014132936350440809,NA
1988-07-31,451.657,622.9,-0.012467499377858071,-0.004167811558192865,0.009027521963199411,NA
1988-08-31,437.452,568.2,-0.03316455598799539,0.003857029758192724,0.016054850779899016,NA
1988-09-30,431.064,533.1,0.03312862069127487,0.007381466953931641,0.020039183900170444,NA
1988-10-31,413.439,531.4,0.011607024571298696,0.0013088446269703402,0.016651415670014925,NA
1988-11-30,406.39,505.4,-0.022591244400778643,0.01775127599778688,0.01263759359995878,NA
1988-12-31,419.966,563.2,0.014910753710390967,0.01781481747853168,0.015353259349060547,NA
1989-01-31,419.248,600.9,0.06093431868374832,0.018018911931030557,0.015081662003795812,NA
1989-02-28,404.445,527.2,-0.022400619958544254,0.012065112672107267,0.0034705946437365207,NA
1989-03-31,387.973,526.1,0.015523037067887602,0.03067590594444732,0.0062730977248644515,NA
1989-04-30,390.274,531.1,0.04307292090697845,0.02095014285298961,0.006486958941411399,NA
1989-05-31,384.72,530.7,0.03343175985847591,0.030545984691509192,9.224923103282971e-5,NA
1989-06-30,371.35,537.3,-0.013654252206485529,0.02428454522377114,0.004364478289182776,NA
1989-07-31,367.727,499.8,0.0718604464225372,0.026327763269069198,0.0045924698995070306,NA
1989-08-31,375.21,517,0.014647441455261756,-0.009811998961568221,-0.0029852719137407244,NA
1989-09-30,365.548,504.7,-0.0075245980705913595,-0.011362231250507948,-0.012654197977073936,NA
1989-10-31,361.798,475.4,-0.03655884026937506,-0.004970170037906119,-0.01713735617043181,NA
1989-11-30,366.8,500.5,0.009996744588442574,-0.018916719827102153,-0.01567438513245571,NA
1989-12-31,394.361,492.6,0.011651585567214129,-0.018505829018252706,-0.011213148867531756,NA
1990-01-31,409.655,520.7,-0.07839848963696316,-0.016359900318507092,-0.010135067354390773,NA
1990-02-28,410.118,482.2,0.011229417014990917,-0.0014482689787074972,3.1370387759020274e-4,NA
1990-03-31,416.543,517.4,0.01808937166645097,0.023041428201720615,0.005372438915388393,NA
1990-04-30,393.661,508,-0.03366359561756438,0.013372186685372137,0.006069387105316367,NA
1990-05-31,374.929,478.1,0.08469850855627525,0.018235900112414976,0.008655475401609103,NA
1990-06-30,368.855,479.7,-0.010918352882594462,-0.043790159841255706,0.004651583685883161,NA
1990-07-31,352.657,488,-0.019072455336435867,-0.060591541010686166,0.0014349663861094504,NA
1990-08-31,361.82,494.5,-0.1013796713047368,-0.06056845183642815,0.006560045003648994,NA
1990-09-30,394.861,492.2,-0.06132249639088583,-0.005598034812339225,0.01696460413041333,NA
1990-10-31,389.56,486.4,-0.019003187813661837,0.023038985226258024,0.02076815938374264,NA
1990-11-30,381.333,432.6,0.06353157976752999,0.04503563621308149,0.023412629914546474,NA
1990-12-31,381.866,435.7,0.02458856372490592,0.04783652211342789,0.014600418731141854,NA
1991-01-31,378.161,420.6,0.04698676514680855,0.04845791752032147,0.021625349670836107,NA
1991-02-28,384.591,413.5,0.0719342374685692,0.031918817117368103,0.017224053945181405,NA
1991-03-31,363.748,387.1,0.026452749945586662,0.02015800728369969,0.012127284752551398,NA
1991-04-30,363.39,406.4,-0.0026305360620515472,-0.005165496191455528,0.007700949627786363,NA
1991-05-31,358.055,397.1,0.036651807967563954,0.009854178520574538,0.008816957160533073,NA
1991-06-30,357.117,396.8,-0.04951776047987899,0.005461921936864973,0.006016316038374501,NA
1991-07-31,366.36,379.2,0.04242848807403865,0.01674123097984659,0.008187345641744745,NA
1991-08-31,368.013,387,0.023475038216435262,0.006841887807161773,0.007802654661276202,NA
1991-09-30,356.721,364.3,-0.015679833350934147,-0.015054776409425133,0.003850606272095695,NA
1991-10-31,348.46,344.9,0.012730458555984203,0.026467746374631895,0.006124318403552126,NA
1991-11-30,358.826,359.5,-0.04221495443332546,0.0202813323356212,0.005911350508879337,NA
1991-12-31,359.96,363.9,0.10888773500123694,0.03794398619906606,0.012862292687131932,NA
1992-01-31,361.875,365.5,-0.005828783561047879,-0.007239682651877503,0.005087873088716582,NA
1992-02-29,354.436,338.6,0.010773007157009129,-0.001709570021225219,0.006348847088147295,NA
1992-03-31,353.853,356.9,-0.02666327155159376,-0.0042858675730078994,0.005546399542043945,NA
1992-04-30,344.641,362.4,0.010761554330908973,-0.003219912135622005,0.009696464627513446,NA
1992-05-31,338.728,359.9,0.003044114501661088,0.0057969685235470525,0.006275600309094585,NA
1992-06-30,337.039,355.4,-0.023465405239436077,-0.0032009171282502504,0.008423558908996867,NA
1992-07-31,340.784,368.3,0.037812196308416146,0.008489122027076116,0.010641115553663122,NA
1992-08-31,352.452,388.4,-0.02394954245373082,-7.23328802425686e-4,0.0071892324010943325,NA
1992-09-30,343.603,378.3,0.011604712226543024,0.020991969250719816,0.01230598952204178,NA
1992-10-31,345.3,357.7,0.01017484381991074,0.02232196511528972,0.011218806178895998,NA
1992-11-30,344.277,363.5,0.04119635170570568,0.022031318652693033,0.01155427905679505,NA
1992-12-31,334.924,355.5,0.015594699820252744,0.008680413618714114,0.006552463955138661,NA
1993-01-31,334.657,362.2,0.009302904432120673,0.011194683503309951,0.006616062428349612,NA
1993-02-28,328.993,352.7,0.0011436366037689272,-0.00200255713743606,0.008241710645188397,NA
1993-03-31,329.31,362.1,0.023137509474040252,0.007222769894803786,0.006029981048510084,NA
1993-04-30,329.974,341,-0.03028881749011736,5.586915689766991e-4,1.0837585565335688e-4,NA
1993-05-31,341.948,363.7,0.028819617700488465,0.009451496891546044,0.0032006669763560056,NA
1993-06-30,367.045,386.6,0.003145274496558992,0.0123288053239294,0.0013478353614600387,NA
1993-07-31,371.914,392.1,-0.0036104015224093233,0.01079988452800762,-0.0014473972258987056,NA
1993-08-31,392.034,396.5,0.03745154299763853,0.016736857820377187,0.0011953396227159057,NA
1993-09-30,379.795,423.1,-0.00144148789120635,-0.002022133016892654,0.0014086804430274342,NA
1993-10-31,355.561,381.1,0.014200518354699376,0.0039109901131041775,-3.9068410644805634e-4,NA
1993-11-30,364.005,361.2,-0.018825429514170988,0.00878104500626642,-4.603773041467844e-4,NA
1993-12-31,373.939,367.8,0.016357881498784144,0.006590481992199804,-0.0022415402091015,NA
1994-01-31,383.243,374.9,0.028810683034186102,-0.014836062787475068,-0.002884123759276084,NA
1994-02-28,387.11,400,-0.025397118556370835,-0.022166731812765628,-0.003794627010813382,NA
1994-03-31,381.658,392.1,-0.04792175284024047,-0.011505812853396394,0.0013166851367211185,NA
1994-04-30,384,393.5,0.006818675958314424,-0.005664400757231551,0.007137887603564856,NA
1994-05-31,377.908,418.5,0.006585638321736864,0.0014301874769856449,0.008328630386043775,NA
1994-06-30,381.343,405.8,-0.03039751655174594,0.012572185650198983,0.01019453717502474,NA
1994-07-31,385.714,400.4,0.02810244066096601,0.015026737005810217,0.014975571880365626,NA
1994-08-31,385.45,415.7,0.040011632841376876,0.010113990112926427,0.015733299103956443,NA
1994-09-30,380.207,427.1,-0.023033862484912238,-0.016623015625408393,0.012860745651760661,NA
1994-10-31,391.348,416.4,0.01336419998231464,-0.006062768498207934,0.017571472716521774,NA
1994-11-30,390.164,423.6,-0.04019938437362758,-0.004555953820399972,0.015210085019641198,NA
1994-12-31,384.377,420.5,0.008646878896689136,0.02082338337549028,0.021847963910271412,NA
1995-01-31,379.48,401.1,0.017884644015738527,0.02525198266388869,0.021967760890766214,NA
1995-02-28,378.738,415.8,0.03593862721404317,0.026326297774663,0.02236985508591054,NA
1995-03-31,376.745,417.7,0.021932676761884373,0.024005595299818088,0.020481460899911513,NA
1995-04-30,381.82,403.7,0.02110758934806145,0.025686336349971528,0.019257149874851748,NA
1995-05-31,391.339,446.1,0.028976519789508437,0.031048862348636314,0.01923733227416836,NA
1995-06-30,385.231,444.4,0.026974899912344696,0.023237019557142673,0.018788855652004232,NA
1995-07-31,387.618,433.7,0.03719516734405581,0.025410340350434806,0.015564445778700059,NA
1995-08-31,386.138,432.6,0.0055409914150275075,0.008021133775665453,0.007495255111611689,NA
1995-09-30,383.502,420.8,0.033494862292221095,0.01932585740863461,0.009357583057284671,NA
1995-10-31,382.931,428.6,-0.014972452380252244,0.01152238419876983,0.010734393214538923,NA
1995-11-30,383.202,410,0.03945516231393498,0.0240831264446774,0.012726453163195262,NA
1995-12-31,385.209,408.5,0.010084442662626758,0.015357371334050685,0.014648730986800917,NA
1996-01-31,387.445,411.1,0.022709774357470458,0.014409538600230828,0.012412787906890127,NA
1996-02-29,398.695,408.3,0.013277896982054838,0.013796206527694274,0.014685063680927007,NA
1996-03-31,404.919,429.9,0.007240944461167187,0.017235174308188956,0.013162281664043743,NA
1996-04-30,396.512,412.8,0.020869778139860795,0.010915519965364773,0.008348678000038051,NA
1996-05-31,392.87,410.3,0.02359480032353889,-0.015919446301590368,0.009981531087032028,NA
1996-06-30,391.99,406,-0.011718018567305366,-0.014488070821735569,0.013615983931150369,NA
1996-07-31,385.245,403,-0.059635120661004626,0.006090130093790262,0.017990920568488288,NA
1996-08-31,383.457,396.8,0.027888926763103283,0.028945925981999743,0.029066918485880066,NA
1996-09-30,387.51,409.1,0.05001658417927213,0.0404904491266996,0.023295927237093682,NA
1996-10-31,383.29,398.7,0.008932267003623817,0.018235962968174646,0.023590369841958215,NA
1996-11-30,380.909,387.3,0.06252249619720285,0.03191756851560438,0.01965656875080531,NA
1996-12-31,377.869,384.7,-0.016746874296302727,0.00941157404302199,0.016912364948488894,NA
1997-01-31,369.338,375.7,0.04997708364591302,-0.001846901027177476,0.019425888273482007,NA
1997-02-28,355.025,371.1,-0.004995487220544326,-0.0050179238478856485,0.015392900416229047,NA
1997-03-31,346.4,355.4,-0.050522299506901125,0.019049983376615454,0.02167423126482994,NA
1997-04-30,352.311,391.8,0.040464015183788504,0.049484490239165714,0.02984200254292223,NA
1997-05-31,344.707,376.2,0.06720823445295898,0.060422103293801786,0.02706697595113795,NA
1997-06-30,344.1,374.1,0.04078122108074966,0.024231702402037685,0.018903968934926962,NA
1997-07-31,340.805,398.7,0.07327685434769671,0.028487927187669976,0.01819202315887003,NA
1997-08-31,323.78,411.9,-0.04136296822233332,-0.008695472958299274,0.010038936058096165,NA
1997-09-30,323.998,438.5,0.053549895437646544,0.014956199972280445,4.497431300168331e-5,NA
1997-10-31,322.616,409.7,-0.03827334609021105,0.0015780366942698132,7.612609972043327e-4,NA
1997-11-30,324.863,428.6,0.029592050569405837,0.014862895177299329,0.009874535111080163,NA
1997-12-31,306.345,406.5,0.01341540560361465,0.028459039308386187,0.01245927220634957,NA
1998-01-31,288.776,384.5,0.0015812293588775006,0.03981755605058342,0.016450292152280648,NA
1998-02-28,289.264,366,0.07038048296266641,0.04167837829174995,0.019224945664127635,NA
1998-03-31,297.743,392,0.04749095583020635,0.007968934057003533,0.009948791694088152,NA
1998-04-30,295.87,388,0.007163696082377102,0.0028845727029569077,0.00889262292611013,NA
1998-05-31,308.558,404.5,-0.030747849741572852,-0.00769005627836535,0.011915496344086174,NA
1998-06-30,298.971,393.5,0.03223787176806647,-0.051204276085663435,0.012454890396905996,NA
1998-07-31,292.223,363.3,-0.02456019086158967,-0.04123512145899281,0.013827985910012932,NA
1998-08-31,292.874,369.5,-0.1612905091634671,-0.009353076746363284,0.012949352916982099,NA
1998-09-30,284.228,371.2,0.06214533564807834,0.06461339154567199,0.025333413736574273,NA
1998-10-31,288.661,364.9,0.07108594327629891,0.06433416131457508,0.017816861476491735,NA
1998-11-30,296.595,353.4,0.06060889571263872,0.05226453738948922,0.017006554282300856,NA
1998-12-31,294.243,338.3,0.06130764495478758,0.018417117259340515,0.014830898242870982,NA
1999-01-31,291.357,352.1,0.03487707150104136,0.009586879145901358,0.016167828978691845,NA
1999-02-28,287.333,366.8,-0.04093336467780739,0.01244058101158411,0.009329829913271368,NA
1999-03-31,287.495,349.6,0.03481693061447011,0.01799332886827491,0.014860543154698471,NA
1999-04-30,286.243,380.1,0.043438177098089614,0.02262602463856811,0.01604111603563151,NA
1999-05-31,282.62,362,-0.024275121107734998,-0.003554629986781651,0.007087048172331606,NA
1999-06-30,276.932,348.2,0.04871501792534971,3.0981727300967893e-4,0.0054599942900874126,NA
1999-07-31,261.402,362.1,-0.03510378677795967,-0.025279619193077602,0.005322372999973503,NA
1999-08-31,256.198,351,-0.01268177932836101,0.006875728714911748,0.006085327922416052,NA
1999-09-30,256.936,346.2,-0.028053291472912134,0.022603329570858827,0.013066264736847188,NA
1999-10-31,264.47,348,0.06136225694600839,0.057738031323375516,0.010853490873105507,NA
1999-11-30,311.562,393.8,0.03450102323948023,0.021557639913371267,0.003404662483951123,NA
1999-12-31,293.65,400.3,0.07735081378463793,0.018535696906650467,-0.008462432608690887,NA
2000-01-31,283.743,421.7,-0.04717891728400436,0.009080027373660019,-0.01390917641571457,NA
2000-02-29,284.59,413.7,0.025435194219317836,0.00346945404782506,-0.00716364674539303,NA
2000-03-31,300.855,452.9,0.048983805185666585,-0.019608866590169322,-0.017696663083448222,NA
2000-04-30,286.704,467.2,-0.06401063726150924,-0.02024894750406392,-0.02785497852908106,NA
2000-05-31,279.961,489.7,-0.043799767694665315,-0.0075615109864438645,-0.015871964159610664,NA
2000-06-30,275.293,498.3,0.0470635624439828,0.03073489906004878,-0.011659304990508592,NA
2000-07-31,285.368,539.4,-0.025948327708649077,-0.0031551477005495876,-0.017214152961266205,NA
2000-08-31,282.152,518.4,0.07108946244481262,-0.0038469330389479714,-0.016781216528004145,NA
2000-09-30,274.523,591.9,-0.05460657783781231,-0.06351145981129347,-0.028061060306240188,NA
2000-10-31,273.676,595.3,-0.028023683723844228,-0.04131263783190479,-0.031221232497083324,NA
2000-11-30,270.405,559.5,-0.10790411787222387,-0.020715597004005343,-0.0268370369388674,NA
2000-12-31,265.989,578.4,0.01198988810035373,-0.018401224992378878,-0.011555472292615962,NA
2001-01-31,271.892,612,0.03376743875985411,-0.04670318107980594,-0.011211101963275997,NA
2001-02-28,265.934,608.9,-0.10096100183734447,-0.03136381560904548,-0.015236166855470107,NA
2001-03-31,262.018,597.4,-0.07291598016192746,0.004540565781589197,-0.00873234346687767,NA
2001-04-30,263.273,598.6,0.07978553517213549,0.022314354767195493,9.003333061865423e-4,NA
2001-05-31,260.75,537.8,0.006752142334559563,-0.011198520460017791,-0.010096766578688845,NA
2001-06-30,272.057,601,-0.01959461320510858,-0.03487212220287761,-0.011809765383106186,NA
2001-07-31,270.738,588.8,-0.020753090509504357,-0.05918346584381806,-0.016225114326190133,NA
2001-08-31,267.707,549.3,-0.06426866289401989,-0.044070214682400986,-0.021298332907762164,NA
2001-09-30,272.657,474.3,-0.09252864412792994,0.002510892243203444,-0.015521759150380279,NA
2001-10-31,282.478,444.4,0.024586662974746876,0.03872788430332452,-0.016441150995187736,NA
2001-11-30,283.322,410.5,0.0754746578827934,0.025687883329583827,-0.011974519113267643,NA
2001-12-31,276.248,421.6,0.016122332052433297,-0.007108709689425711,-0.013324754458237192,NA
2002-01-31,275.992,457.7,-0.01453333994647521,0.0017425599980442168,-0.019453151617914676,NA
2002-02-28,281.764,476.5,-0.02291512117423522,-0.01080621450192043,-0.020395524101439622,NA
2002-03-31,295.683,450.1,0.04267614111484308,-0.007769121883324866,-0.02005291331659233,NA
2002-04-30,294.353,497.9,-0.05217966344636915,-0.04618743576231121,-0.02268361393986575,NA
2002-05-31,302.862,521.7,-0.013803843318448528,-0.05600478577631107,-0.011497233328425708,NA
2002-06-30,314.48,514.5,-0.07257880052211596,-0.04972009727197398,-0.005327863239371409,NA
2002-07-31,321.536,547.4,-0.08163171348836873,-0.06004761251980847,0.0019131837552445092,NA
2002-08-31,313.567,525.6,0.005050222194562748,-0.006774959504422899,0.010665245291467729,NA
2002-09-30,310.045,517,-0.10356134626561941,0.011298911011775789,0.012209894454154694,NA
2002-10-31,318.8,544.6,0.07818624555778797,0.02667988181241676,0.01979025681977763,NA
2002-11-30,316.748,562.1,0.05927183374315881,-0.007996136623104092,0.018321693788485055,NA
2002-12-31,319.255,577.6,-0.057418433863696494,-0.03402134512284627,0.014523403273704208,NA
2003-01-31,333.3,586.9,-0.02584180974877459,-0.011179289289760086,0.022869685957381453,NA
2003-02-28,356.864,600,-0.018803791756067723,0.024786948590135232,0.026822494818043923,NA
2003-03-31,359.575,683.7,0.011107733635562056,0.05113107842555883,0.02956042407971121,NA
2003-04-30,341.564,673.5,0.08205690389091136,0.052199755018129824,0.02752885534259152,NA
2003-05-31,328.208,628.1,0.06022859775020306,0.03264512870326267,0.01915758441015435,NA
2003-06-30,355.405,595.5,0.01431376341327506,0.020430933502130433,0.015138552112735506,NA
2003-07-31,356.912,637.2,0.023393024946309904,0.011460679738324023,0.01549354570945389,NA
2003-08-31,350.765,662.5,0.023586012146806334,0.023850834483646405,0.010147073880011783,NA
2003-09-30,358.993,678.9,-0.012596997878144167,0.02055294628997384,0.008223900345968658,NA
2003-10-31,378.859,715.7,0.06056348918227705,0.038997598362832044,0.010604823917235634,NA
2003-11-30,379.093,706.8,0.013692347565788632,0.026007067495131375,0.006740932101171428,NA
2003-12-31,390.2,740.4,0.04273695834043045,0.02612673810118175,0.009404950818633842,NA
2004-01-31,407.674,774,0.02159189657917504,0.007457388251080184,0.008715545741760247,NA
2004-02-29,414.495,833.5,0.014051359383939754,-0.005872693041423053,0.004605852994225677,0.1663
2004-03-31,404.73,812.3,-0.013271091209874242,-0.006556409442343998,0.004998407027602912,0.14550000000000002
2004-04-30,405.976,906.1,-0.018398347298334672,0.004058516485579311,0.004475776527420307,0.1674
2004-05-31,404.85,910.3,0.012000210181176918,-0.0033969134173075974,0.0038241267902486276,0.17190000000000003
2004-06-30,383.953,806.7,0.018573686573895687,-0.007227673564936958,0.005880910026081136,0.155
2004-07-31,391.78,842.5,-0.0407646370069954,-0.008094207430549005,0.004803862853434278,0.1434
2004-08-31,398.441,777.6,5.07929738288837e-4,0.010226267368284988,0.01149268634252674,0.1532
2004-09-30,400.133,826.3,0.015974084977059544,0.025277148180634573,0.01042309936042802,0.15289999999999998
2004-10-31,405.402,873.9,0.014196787389506582,0.031440485660930495,0.009474326191982435,0.1334
2004-11-30,420.21,860.4,0.04566057217533759,0.01746675106734837,0.0065808187004834,0.16269999999999998
2004-12-31,439.059,832.4,0.034464097417947315,0.008500562937058032,0.005787652704251319,0.1324
2005-01-31,442.974,878.6,-0.027724416391239792,-0.009501688606279571,0.0027123850210052556,0.1329
2005-02-28,424.08,853.5,0.018762007784466572,-0.008999597857331251,0.007562938731678533,0.1282
2005-03-31,423.43,878.9,-0.019542657212065495,-0.0030263974484311027,0.005762631065564849,0.1208
2005-04-30,434.355,862.6,-0.026218144144394828,0.005370861789635195,0.008604916319121275,0.1402
2005-05-31,429.14,862.8,0.036681609011167016,0.027277324791804853,0.011386591757852615,0.15310000000000001
2005-06-30,422.903,870,0.005649120502133398,0.010941083772450585,0.0053601010632944035,0.1329
2005-07-31,430.302,871,0.03950124486211415,0.010587645923643621,0.0045698302496744725,0.1204
2005-08-31,424.745,870.9,-0.012327114046895793,-0.009421203199888373,6.381753936450888e-4,0.1157
2005-09-30,437.773,910.2,0.00458880695571251,0.006735361555927762,0.0033726555044628257,0.126
2005-10-31,455.936,903.4,-0.020525302508481835,0.004392720977021776,0.004535519168304247,0.1192
2005-11-30,470.107,927.8,0.03614258022055261,0.0213952311921289,0.008942729726649177,0.1532
2005-12-31,476.668,928.4,-0.002439114781005447,0.008400476382312153,0.0073443092624315975,0.1206
2006-01-31,509.423,994.7,0.03048222813683954,0.014068436586184507,0.008270865167186012,0.1207
2006-02-28,549.433,981.8,-0.0028416842088976324,0.006295014247365079,0.006923279457292921,0.1295
2006-03-31,555.518,1080.1,0.014564765830611615,-0.004636517457512886,0.00551719038036691,0.1234
2006-04-30,557.215,1051.8,0.007161961120381255,-0.010769482488152016,0.004874025571081168,0.1139
2006-05-31,611.853,1089.1,-0.03563627932353153,-0.015716340665025252,0.007172598504106342,0.1159
2006-06-30,676.769,1177.8,-0.0038341292613057742,0.0029913015371242726,0.012847271348362674,0.16440000000000002
2006-07-31,597.898,1229.8,-0.007678613410238455,0.01045040159816272,0.011534614806958934,0.1308
2006-08-31,633.093,1248.6,0.020486647282917048,0.02379701413212798,0.009048938502322653,0.1495
2006-09-30,631.557,1258.5,0.01854317092180957,0.02262197658780285,0.008121652036345703,0.1231
2006-10-31,600.15,1254.8,0.03236122419165732,0.019334104972548838,0.009268263350784253,0.1198
2006-11-30,586.648,1159.2,0.016961534649941656,0.013317430114703876,0.008076648019865925,0.111
2006-12-31,626.825,1100.7,0.008679556076047534,0.0010920008540534025,0.0026767335342207745,0.1091
2007-01-31,629.513,1154.5,0.014311199618122439,4.810782017651283e-4,0.0012313390489252414,0.11560000000000001
2007-02-28,630.352,1144.3,-0.019714753132009766,0.0072922904346187645,-0.005255662204137081,0.1042
2007-03-31,665.103,1192.8,0.006846788119182712,0.024683806414470173,-0.006183544794776073,0.1542
2007-04-30,655.891,1245.2,0.03474483631668335,0.015872874455359048,-0.007526358166178628,0.1464
2007-05-31,680.008,1249,0.03245979480754446,-0.00821098067216001,-0.006592746757294275,0.1422
2007-06-30,668.31,1300.9,-0.01958600775815067,-0.01591117571094362,-0.007735449357267231,0.1305
2007-07-31,655.714,1295.6,-0.03750672906587382,0.0013849957734639966,-0.01314405702612037,0.1623
2007-08-31,665.266,1295.1,0.009359209691193637,0.01990785220230107,-0.010611613287348156,0.2352
2007-09-30,664.53,1290.9,0.032302506695072175,8.42302579303141e-4,-0.010114700984941633,0.23379999999999998
2007-10-31,710.645,1272,0.018061840220637393,-0.012813592234887206,-0.02059719443041715,0.18
2007-11-30,754.48,1401.2,-0.047837439177800145,-0.040011810781308145,-0.0364304112285169,0.18530000000000002
2007-12-31,808.311,1450.8,-0.008665177747498864,-0.034349112461933985,-0.038884808412386535,0.22870000000000001
2008-01-31,803.618,1461.4,-0.06353281541862543,-0.03454971065865035,-0.03667465868634731,0.225
2008-02-29,887.784,1546,-0.030849344219677666,0.00194395222198999,-0.0382529733866264,0.262
2008-03-31,924.283,1770.2,-0.00926697233764795,0.018476188164505542,-0.044109514847697595,0.26539999999999997
2008-04-30,971.055,2241.6,0.045948173223295585,-0.006597920984407923,-0.0358632877449078,0.2561
2008-05-31,911.6,1937.8,0.018747363607868994,-0.024286446792375533,-0.031190564195386905,0.2079
2008-06-30,889.125,1882.3,-0.08448929978438835,-0.025428182221641227,-0.02840949224236272,0.1783
2008-07-31,889.536,2015.6,-0.007117404200607247,-0.028427553843723124,-0.021017883093741058,0.2395
2008-08-31,941.167,2088.7,0.015322157320071916,-0.08336733956237392,-0.013976456440064853,0.22940000000000002
2008-09-30,840.388,1655.3,-0.09348741465063404,-0.11423812713047647,-0.012469645247042166,0.2065
2008-10-31,824.92,1446.5,-0.17193676135655966,-0.07712344925860785,-0.0012851814498478868,0.39390000000000003
2008-11-30,812.815,1043.1,-0.0772902053842357,-0.047302059413746135,0.010909758134054787,0.5989
2008-12-31,757.85,827.1,0.017856618964971815,-0.05524793820317823,0.021979539634063284,0.5528
2009-01-31,819.94,809.9,-0.08247259182197453,-0.03130422689289233,0.02279016612706461,0.4
2009-02-28,857.726,946.7,-0.10112784175253198,0.03019358898694798,0.026847018364478465,0.4484
2009-03-31,939.763,979.1,0.08968775289582953,0.08127627858584503,0.038123473959778026,0.4635
2009-04-30,925.989,1075.9,0.10202085581754639,0.052783697620259064,0.03588429497874843,0.4414
2009-05-31,892.663,1143.8,0.052120227044159195,0.044569984228912674,0.02905561677154218,0.365
2009-06-30,926.855,1096.4,0.004210009999071618,0.038331205759640996,0.01813014186736514,0.2892
2009-07-31,947.807,1220.6,0.07737971564350721,0.05050325273184956,0.013123454721683627,0.2635
2009-08-31,934.272,1205.1,0.03340389163634416,0.01617751873410463,0.012440301068348472,0.25920000000000004
2009-09-30,949.5,1239.7,0.04072615091569731,0.023558612393945338,0.005666041556098188,0.2601
2009-10-31,996.443,1226.8,-0.025597486349727583,0.019177941049042135,0.010217799501975627,0.2561
2009-11-30,1043.511,1289.3,0.05554717261586628,0.016446981507948582,0.015589815567926027,0.3069
2009-12-31,1126.119,1338.1,0.02758413688098771,0.009327799099680734,0.01146310673111095,0.2451
2010-01-31,1135.012,1486.6,-0.03379036497300825,0.021072288513842945,0.01484122602436518,0.2168
2010-02-28,1119.575,1523.9,0.03418962539106274,0.03902798261520283,0.019315528946902916,0.2462
2010-03-31,1095.8,1539.3,0.06281760512347434,0.0013029502161934954,0.01938130558067086,0.195
2010-04-30,1115.554,1544,0.020076717331071414,-0.03825966340800013,0.014533093055119795,0.1759
2010-05-31,1148.475,1675.6,-0.07898547180596527,-0.021891278583862157,0.015290354246841295,0.2205
2010-06-30,1204.321,1728.9,-0.055870235749106545,-0.011525195485426817,0.020826012726588756,0.3207
2010-07-31,1232.382,1549.4,0.06918187180348534,0.038880631853017565,0.02402709334915007,0.3454
2010-08-31,1196,1506.8,-0.047887222510659244,0.02877557673241486,0.016301206697379344,0.235
2010-09-30,1213.464,1602.2,0.09534724626622659,0.04674687309399639,0.01529399538671732,0.2605
2010-10-31,1271.461,1535.7,0.03886670644167722,0.03767164713860035,0.0010255047414260237,0.237
2010-11-30,1343.19,1682.1,0.006026666574085349,0.03134983502385613,0.0072498065470438244,0.212
2010-12-31,1371.784,1711.5,0.06812156840003847,0.04100059449792037,0.006478490551947112,0.2354
2011-01-31,1393.512,1684,0.01990127009744458,0.0198397566368614,0.0014184506440792961,0.1775
2011-02-28,1360.475,1786.4,0.03497894499627807,0.022927283814956345,0.003984649348103192,0.1953
2011-03-31,1371.313,1833,0.004639054816861554,0.007081778799865083,0.004732473829130289,0.18350000000000002
2011-04-30,1422.848,1845.1,0.02916385163172941,-2.8366223187903383e-4,0.00694844206295489,0.17739999999999997
2011-05-31,1474.431,1776.9,-0.012557570048995714,-0.017847868781709963,0.0038040486239431146,0.1475
2011-06-30,1512.188,1875.7,-0.017457268278370797,-0.033653264844912566,-3.395247637896781e-4,0.1545
2011-07-31,1528.38,1823.9,-0.02352876801776338,-0.05312572257787862,0.004374202071917549,0.16519999999999999
2011-08-31,1568.526,1716.8,-0.059973758238603514,-0.007430023868927216,0.006987274641859988,0.2525
2011-09-30,1759.5,1794.6,-0.07587464147726897,0.011484853754915555,0.014111946957108351,0.31620000000000004
2011-10-31,1780.648,1852.9,0.11355832810909083,0.03924343074921344,0.022703990477020302,0.4296
2011-11-30,1667.893,1517.1,-0.003229125367075203,0.018289206228093602,0.01179864240988518,0.29960000000000003
2011-12-31,1735.977,1582,0.007401089505624681,0.03401652760665308,0.012713910230256328,0.278
2012-01-31,1652.725,1557.2,0.05069565454573133,0.04195972231236378,0.0130789308469945,0.23399999999999999
2012-02-29,1656.095,1432.5,0.04395283876860323,0.022204880918316034,0.013508021736918377,0.19440000000000002
2012-03-31,1743.095,1623.2,0.031230673622756777,-0.013206215571814783,0.010905887976289238,0.1843
2012-04-30,1675.057,1701.1,-0.008568869636411902,-0.0105806221960284,0.01164791529246334,0.155
2012-05-31,1648.539,1654.9,-0.062280450701789225,-0.005114964710042469,0.013651991481223943,0.17149999999999999
2012-06-30,1585.114,1572.3,0.03910745375011593,0.024152622038679555,0.021194683755424392,0.24059999999999998
2012-07-31,1595.632,1433.2,0.00782810282154589,0.02019343104253239,0.016933411598435488,0.17079999999999998
2012-08-31,1592.784,1458.3,0.025522309544376842,0.011815447203173549,0.020959479668761983,0.1893
2012-09-30,1625.682,1401.3,0.02722988076167443,0.00589270684750746,0.016583923505117653,0.1747
2012-10-31,1741.925,1567.5,-0.017305848696530624,7.431922291102344e-4,0.017464501755322326,0.1573
2012-11-30,1746.348,1685.8,0.007754088477378573,0.025126723536226397,0.022379223202727977,0.18600000000000003
2012-12-31,1724.352,1573.2,0.011781336906482753,0.02678443859078472,0.02433278917214531,0.15869999999999998
2013-01-31,1687.342,1613.8,0.05584474522481786,0.03623566009423914,0.025712175163928385,0.1802
2013-02-28,1671.886,1568,0.012727233641053548,0.022780759895538294,0.018286095775671734,0.14279999999999998
2013-03-31,1630.688,1687.7,0.040135001416846006,0.02794896754472583,0.021087787862605973,0.1551
2013-04-30,1591.013,1573.5,0.015480044628715328,0.010561363027860185,0.018094537981331964,0.127
2013-05-31,1485.905,1598.8,0.028231856588616155,0.024114988040109697,0.016600951675640813,0.1352
2013-06-30,1416.143,1469.5,-0.012027812133750926,0.0057095810374525975,0.015970763109004582,0.163
2013-07-31,1342.7,1497.4,0.05614091966546386,0.022317791670079745,0.019171091951431258,0.1686
2013-08-31,1284.348,1382.5,-0.026984364419355145,0.01749442133903752,0.01279142029908345,0.13449999999999998
2013-09-30,1345.048,1443.8,0.03779681976413052,0.036888169515618095,0.018573604017177853,0.17010000000000003
2013-10-31,1348.464,1538.2,0.04167080867233719,0.033733885863534464,0.013815395859503468,0.166
2013-11-30,1314.402,1385.3,0.03119688011038657,0.00875421382800142,0.012449882138379137,0.1375
2013-12-31,1277.417,1451.9,0.02833396880787964,0.013804433352627377,0.011986491659755322,0.13699999999999998
2014-01-31,1221.588,1346.8,-0.033268207434261954,0.005765111363853455,0.009572514452276868,0.13720000000000002
2014-02-28,1243.068,1404.6,0.046347538684264444,0.016040183495414622,0.009788756055290984,0.1841
2014-03-31,1298.713,1386.6,0.004216002841557875,0.0074808685303202616,0.011034131054916888,0.14
2014-04-30,1336.56,1460.7,-0.002442991039578457,0.01486757890825737,0.009739463333665951,0.1388
2014-05-31,1299.175,1429.6,0.020669593788981366,0.00887686253388024,0.010443609990886357,0.1341
2014-06-30,1288.913,1427.5,0.026376133975369198,0.016120944670145687,0.009836760648728163,0.114
2014-07-31,1277.857,1436.7,-0.020415140162709844,8.950073023685778e-4,0.006378025504332798,0.1157
2014-08-31,1312.989,1515,0.04240184019777771,0.016128268696220267,0.009373303696251056,0.16949999999999998
2014-09-30,1297.005,1463.3,-0.01930167812796213,0.010539720085927962,7.997073536339013e-4,0.1198
2014-10-31,1241.33,1408.9,0.025284644018845226,0.01676236023462807,-1.757700230322438e-4,0.1631
2014-11-30,1223.565,1289.6,0.02563619436690079,-0.0018902905043511886,0.004173720304728901,0.14029999999999998
2014-12-31,1176.413,1242.8,-6.337576818618018e-4,0.009994990933273643,0.0025178218808184494,0.1333
2015-01-31,1200.44,1241.6,-0.030673308198092553,0.006432906889409784,7.663993977601961e-4,0.192
2015-02-28,1249.333,1203.9,0.061292038679775285,0.018659599237796105,-0.0014967832996754342,0.2097
2015-03-31,1231.1,1228.6,-0.01132000981345338,0.0026913869055653628,-0.006671577828582187,0.1334
2015-04-30,1180.636,1189.9,0.006006768847066413,0.0014218275909247586,6.428206408609638e-5,0.15289999999999998
2015-05-31,1198.253,1166,0.013387401683083056,0.00459563735533904,3.295185375335648e-4,0.14550000000000002
2015-06-30,1197.684,1129.7,-0.015128687757375192,-0.02002726851023136,7.076707452959666e-4,0.1384
2015-07-31,1182.248,1104.2,0.015528198140309257,-0.02532017480709159,0.0019425620123883214,0.18230000000000002
2015-08-31,1131.58,1087.8,-0.06048131591362815,-0.004670064869868355,0.003939143615438299,0.12119999999999999
2015-09-30,1117.525,967.1,-0.03100740664795587,0.017412178194666155,0.009391413564924594,0.2843
2015-10-31,1124.905,1008.4,0.07747852795197896,0.02053103791779783,0.012169527677817815,0.245
2015-11-30,1157.123,905.2,0.005765413279975373,-0.02457230492196853,0.004012725061499088,0.1507
2015-12-31,1088.388,978.4,-0.02165082747856084,-0.0267626079043289,0.007591871469682293,0.1613
2016-01-31,1068.317,835.4,-0.057831500567320115,0.0036244375547133854,0.010902563917281302,0.1821
2016-02-29,1095.655,884.5,-8.054956671057489e-4,0.0259648065866321,0.01736181713026172,0.20199999999999999
2016-03-31,1194.893,870.1,0.06951030889856602,0.032208381201077975,0.020411935930750996,0.20550000000000002
2016-04-30,1246.312,936.7,0.009189606528436034,0.00893494738413366,0.014757180173706206,0.13949999999999999
2016-05-31,1241.452,955.2,0.017925228176231878,0.019034137666957978,0.014893676293350264,0.157
2016-06-30,1259.755,1086.4,-3.0999255226693556e-4,0.014707702768283148,0.014288836901490123,0.1419
2016-07-31,1273.58,971.9,0.03948717737690899,0.015587687854626386,0.015003683991823566,0.1563
2016-08-31,1337.429,1057.1,0.004945923480207393,-0.0043757390856252005,0.013284068585665285,0.11869999999999999
2016-09-30,1340.861,1163.3,0.002329962706762778,0.010214009813696948,0.0130296735637181,0.13419999999999999
2016-10-31,1326.618,1048.9,-0.02040310344384577,0.015463182875651774,0.014934091299641747,0.1329
2016-11-30,1268.929,1009.1,0.04871517017817384,0.028824063353082,0.018529453597112572,0.17059999999999997
2016-12-31,1240.293,997.9,0.018077481892627256,0.024517649939945912,0.017078477018044047,0.1333
2017-01-31,1152.165,911.3,0.019679537988444906,0.019042902580413006,0.01644893003145026,0.1404
2017-02-28,1192.648,944.2,0.03579592993876557,0.01609224323898628,0.019455693124762547,0.1199
2017-03-31,1233.39,999.8,0.0016532398140285398,0.007715985084034482,0.013432260104886037,0.1292
2017-04-30,1231.063,1018.9,0.010827559964164735,0.009920962656603102,NA,0.12369999999999999
2017-05-31,1267.15,958.2,0.010667155473910173,0.01259570683621806,NA,0.1082
2017-06-30,1245.25,932.2,0.008268172531734397,0.009671049417195062,NA,0.1041
2017-07-31,1261.277,929,0.018851792503009612,0.01530931708589911,NA,0.1118
2017-08-31,1235.1,906.1,0.0018931832168411766,0.016605800960163952,NA,0.1026
2017-09-30,1281.72,949.5,0.02518297553784654,0.026409223631000733,NA,0.1059
2017-10-31,1317.045,1009,0.02274124412580414,0.02152253780288582,NA,0.0951
2017-11-30,1280.677,916.6,0.03130345122935152,0.0325290214636819,NA,0.1018
2017-12-31,1283.189,936.7,0.010522918053501806,0.009932782287313868,NA,0.1128
2018-01-31,1265.674,940.6,0.05576069510819237,NA,NA,0.1104
2018-02-28,1332.809,947.8,-0.03648526629975257,NA,NA,0.1354
